accuracy_test,loss_test,macro_precision,macro_recall,macro_f1
0.8591455221176147,0.4503192901611328,0.8651941974861128,0.8592072072072071,0.8597740890288688
